dow,n_days,mean,median,total
Mon,1863,1.9414922168545357,0.0,3617.0
Tue,1863,1.7777777777777777,0.0,3312.0
Wed,1863,1.6044015029522276,0.0,2989.0
Thu,1864,1.759656652360515,0.0,3280.0
Fri,1864,1.729077253218884,0.0,3223.0
Sat,1863,1.6119162640901772,0.0,3003.0
Sun,1863,1.618894256575416,0.0,3016.0
